StudentID,Name,Predicted_Grade,At_Risk,Risk_Level,Actual_Grade,Prediction_Error
1.0,John,80.721,False,Monitor,80.0,-0.7210000000000036
2.0,Sarah,83.89383333333333,False,Monitor,87.0,3.1061666666666667
3.0,Alex,71.00666666666666,False,Monitor,68.0,-3.0066666666666606
4.0,Michael,85.995,False,Good,92.0,6.0049999999999955
5.0,Emma,82.06566666666666,False,Monitor,85.0,2.934333333333342
6.0,Olivia,78.07,False,Monitor,,
7.0,Daniel,66.19,True,Intervention,62.0,-4.189999999999998
8.0,Sophia,77.568,False,Monitor,78.0,0.43200000000000216
9.0,James,74.454,False,Monitor,72.0,-2.4539999999999935
10.0,Isabella,84.295,False,Monitor,88.0,3.7049999999999983
2824.0,Shannon Harrison,83.36627777777775,False,Monitor,87.0,3.6337222222222465
7912.0,Peter Davila,83.8,False,Monitor,88.0,4.200000000000003
4611.0,Katherine Gray,67.96,True,Intervention,62.0,-5.959999999999994
6514.0,Megan Miller,85.83,False,Good,88.0,2.1700000000000017
,James Williams,83.76,False,Monitor,88.0,4.239999999999995
2139.0,Derrick Alexander,67.63666666666666,True,Intervention,62.0,-5.636666666666656
,Courtney Clark,71.25,False,Monitor,68.0,-3.25
8573.0,James Smith,86.2,False,Good,92.0,5.799999999999997
5386.0,James Reynolds,79.475,False,Monitor,78.0,-1.4749999999999943
3340.0,Brittany Sutton,85.37916666666666,False,Good,88.0,2.620833333333337
6930.0,Annette Medina,83.9588888888889,False,Monitor,87.0,3.041111111111107
2040.0,James Duncan,73.74,False,Monitor,72.0,-1.7399999999999949
9797.0,Donna Taylor,78.1625,False,Monitor,78.0,-0.16249999999999432
9201.0,David Robertson,77.01461904761905,False,Monitor,,
9837.0,Susan Brown,87.28,False,Good,90.0,2.719999999999999
1949.0,Jessica Ortega,77.84666666666666,False,Monitor,72.0,-5.846666666666664
3705.0,Jeremy Hall,88.71,False,Good,92.0,3.2900000000000063
8177.0,Peter Jones,83.13,False,Monitor,80.0,-3.1299999999999955
1117.0,Michael Sampson,83.91944444444445,False,Monitor,87.0,3.0805555555555486
4510.0,Daniel Erickson,66.99333333333334,True,Intervention,62.0,-4.993333333333339
6804.0,David Aguilar,76.465,False,Monitor,,
4139.0,Benjamin Vance,84.09833333333331,False,Monitor,85.0,0.901666666666685
2604.0,Yolanda Chen,76.90228571428571,False,Monitor,,
1960.0,Kristina Douglas,84.2529642857143,False,Monitor,85.0,0.7470357142857011
3536.0,Scott Davidson,79.78,False,Monitor,72.0,-7.780000000000001
1821.0,Alexandra Harrington,77.66,False,Monitor,87.0,9.340000000000003
4853.0,Richard Johnson,78.58416666666666,False,Monitor,80.0,1.4158333333333388
,Christopher Chapman,80.315,False,Monitor,85.0,4.685000000000002
1152.0,Jerry Browning,88.54875,False,Good,92.0,3.4512500000000017
2127.0,Carrie Page,82.41683333333334,False,Monitor,85.0,2.5831666666666564
5905.0,Michelle Benjamin,77.15648484848485,False,Monitor,72.0,-5.156484848484851
6617.0,James Woods,84.35222222222222,False,Monitor,87.0,2.647777777777776
1058.0,Angela Dunn,68.406,True,Intervention,62.0,-6.406000000000006
3442.0,Nathan Riley,80.72333333333333,False,Monitor,68.0,-12.72333333333333
6862.0,Shelby Mahoney,86.1225,False,Good,88.0,1.8774999999999977
3900.0,Andrea Frey,88.59,False,Good,92.0,3.4099999999999966
7267.0,Justin Martin,83.42673015873017,False,Monitor,85.0,1.573269841269834
1387.0,Mark Hartman,85.47777777777777,False,Good,90.0,4.522222222222226
1452.0,Antonio Hansen,76.89666666666666,False,Monitor,87.0,10.103333333333339
8149.0,Lynn Anderson,67.82,True,Intervention,62.0,-5.819999999999993
6967.0,Michael Cooley,84.265,False,Monitor,87.0,2.7349999999999994
7691.0,Mitchell Sanders,67.11,True,Intervention,62.0,-5.109999999999999
5930.0,Maria Cross,67.9545238095238,True,Intervention,62.0,-5.954523809523806
8618.0,Lisa Castillo,74.46,False,Monitor,68.0,-6.459999999999994
2530.0,Theresa Rodriguez,83.36627777777775,False,Monitor,80.0,-3.3662777777777535
8461.0,Kimberly Wood,86.77466666666668,False,Good,92.0,5.2253333333333245
2746.0,Patricia Cox,73.95,False,Monitor,72.0,-1.9500000000000028
3184.0,Kimberly Blair,86.66866666666665,False,Good,88.0,1.3313333333333475
9976.0,Jason Ramirez,83.08666666666667,False,Monitor,85.0,1.913333333333327
4919.0,Gail Dudley,83.7225,False,Monitor,90.0,6.277500000000003
3267.0,John West,69.69,True,Intervention,62.0,-7.689999999999998
7812.0,Patricia Carr,78.96,False,Monitor,80.0,1.0400000000000063
8814.0,David Nunez,76.72,False,Monitor,72.0,-4.719999999999999
4595.0,Collin Peterson,79.97,False,Monitor,62.0,-17.97
9751.0,Rebecca Smith,82.67,False,Monitor,62.0,-20.67
1823.0,Lisa Benjamin,86.63,False,Good,90.0,3.3700000000000045
7906.0,Desiree Reyes,84.53,False,Monitor,90.0,5.469999999999999
1508.0,Megan Diaz,84.56,False,Monitor,68.0,-16.560000000000002
8619.0,Joseph Adams,82.19,False,Monitor,87.0,4.810000000000002
2771.0,Sharon Watson,84.625,False,Monitor,92.0,7.375
2669.0,Tiffany Smith,83.42416666666666,False,Monitor,72.0,-11.424166666666665
9289.0,Alexander Preston,77.505,False,Monitor,90.0,12.495000000000005
8135.0,Randall Hickman,79.50041269841269,False,Monitor,78.0,-1.5004126984126884
6280.0,David Hernandez,85.24799999999999,False,Good,88.0,2.7520000000000095
1470.0,Michelle Jones,81.488,False,Monitor,85.0,3.5120000000000005
1166.0,Tonya Gonzalez,87.97,False,Good,92.0,4.030000000000001
8342.0,Sarah Johnson,78.22142857142858,False,Monitor,92.0,13.778571428571425
8753.0,Grace Valencia,80.94,False,Monitor,78.0,-2.9399999999999977
2976.0,Sarah Young,84.22,False,Monitor,92.0,7.780000000000001
2647.0,Gerald Weber,80.374,False,Monitor,80.0,-0.3739999999999952
1745.0,Gregory Turner,77.87730158730159,False,Monitor,80.0,2.122698412698412
8216.0,Laura Cortez,85.012,False,Good,87.0,1.9879999999999995
3485.0,Lori Miller,76.79041666666667,False,Monitor,72.0,-4.7904166666666725
9561.0,Lori Gomez PhD,85.14964285714285,False,Good,85.0,-0.14964285714285097
4404.0,Dawn Foster,74.04333333333334,False,Monitor,72.0,-2.0433333333333366
8381.0,Peter Welch,82.27666666666669,False,Monitor,,
4824.0,Maria Carter,87.62666666666668,False,Good,92.0,4.373333333333321
2169.0,Daniel Hood,78.35000000000001,False,Monitor,78.0,-0.3500000000000085
7594.0,Amanda Hernandez,83.26833333333332,False,Monitor,88.0,4.731666666666683
5102.0,Alyssa Schmidt,83.71,False,Monitor,85.0,1.2900000000000063
8708.0,Taylor Merritt DVM,74.28,False,Monitor,78.0,3.719999999999999
7690.0,Alyssa Smith,77.70666666666666,False,Monitor,78.0,0.29333333333333655
8451.0,Nathan Navarro,71.36,False,Monitor,72.0,0.6400000000000006
7770.0,Lisa Zimmerman,79.76,False,Monitor,78.0,-1.7600000000000051
9998.0,Jeffrey Howard,85.56055555555557,False,Good,88.0,2.439444444444433
6091.0,Morgan Bell,78.9177380952381,False,Monitor,78.0,-0.9177380952380929
9165.0,Angelica Steele,89.8,False,Good,92.0,2.200000000000003
4122.0,Gregory Daniels,83.65166666666669,False,Monitor,85.0,1.348333333333315
9022.0,Eric Davis,75.89316666666667,False,Monitor,72.0,-3.893166666666673
,Natalie Kelley,77.5,False,Monitor,80.0,2.5
7325.0,Ruth Davis,86.838,False,Good,90.0,3.162000000000006
9617.0,Emily Torres,83.80071428571428,False,Monitor,78.0,-5.800714285714278
7512.0,Nancy Davis,78.05666666666666,False,Monitor,78.0,-0.05666666666665776
4846.0,Amanda Bowers,85.03,False,Good,87.0,1.9699999999999989
1474.0,Alison Lang,70.23,False,Monitor,62.0,-8.230000000000004
3950.0,Matthew Massey,86.94714285714286,False,Good,92.0,5.052857142857135
4804.0,James Anderson,83.478,False,Monitor,85.0,1.5220000000000056
8237.0,Robert Howard,85.176,False,Good,85.0,-0.17600000000000193
2747.0,Rebecca Brown,80.068,False,Monitor,85.0,4.932000000000002
5497.0,Kimberly Harrison,90.3,False,Good,92.0,1.7000000000000028
4115.0,Derek Parks,81.8140238095238,False,Monitor,80.0,-1.8140238095238033
2476.0,Jennifer Baker,73.9,False,Monitor,72.0,-1.9000000000000057
3695.0,Diana Schultz,81.62785714285714,False,Monitor,87.0,5.372142857142862
6992.0,Mrs. Jill Long,78.20333333333333,False,Monitor,78.0,-0.20333333333333314
7242.0,Heather Johnson,77.17833333333334,False,Monitor,72.0,-5.178333333333342
2035.0,Robert Lowery,78.41,False,Monitor,80.0,1.5900000000000034
2592.0,,76.31,False,Monitor,72.0,-4.310000000000002
7797.0,Angela Williams,83.625,False,Monitor,,
6942.0,Brent Burns,82.69,False,Monitor,85.0,2.3100000000000023
2501.0,Melissa Barber,73.856,False,Monitor,68.0,-5.8559999999999945
4394.0,John Warner,77.78,False,Monitor,,
9850.0,Christopher Baxter,86.28,False,Good,90.0,3.719999999999999
1258.0,Courtney Haas,83.45,False,Monitor,87.0,3.549999999999997
6931.0,Sarah Ross,74.65428571428572,False,Monitor,72.0,-2.65428571428572
1996.0,Manuel Baker,78.02199999999999,False,Monitor,,
3430.0,Jessica Lamb,86.22885714285714,False,Good,90.0,3.7711428571428627
8433.0,Jaime Nguyen,77.83800000000001,False,Monitor,78.0,0.16199999999999193
,Tina Chavez,82.63,False,Monitor,85.0,2.3700000000000045
2099.0,Christina Thompson,78.43,False,Monitor,90.0,11.569999999999993
6400.0,Shari Harrell,83.9925,False,Monitor,88.0,4.007499999999993
3535.0,Tracy Gibbs,85.0125,False,Good,87.0,1.9874999999999972
8030.0,David Hoffman,84.47666666666666,False,Monitor,85.0,0.5233333333333405
3972.0,Robert Davis,80.78333333333333,False,Monitor,80.0,-0.7833333333333314
7163.0,Patricia Greer,87.0515238095238,False,Good,90.0,2.9484761904761996
1861.0,James Stewart,78.50233333333333,False,Monitor,78.0,-0.5023333333333255
7785.0,Brent Mendoza,84.33,False,Monitor,87.0,2.6700000000000017
9633.0,Dawn Taylor,80.365,False,Monitor,80.0,-0.3649999999999949
5186.0,Larry Brown,65.67,True,Intervention,62.0,-3.6700000000000017
9196.0,Miss Teresa Hernandez MD,79.36,False,Monitor,78.0,-1.3599999999999994
7626.0,Edward Baker,76.274,False,Monitor,68.0,-8.274000000000001
6928.0,Diana Gould,70.65,False,Monitor,62.0,-8.650000000000006
6562.0,Amy Rodriguez,77.04,False,Monitor,,
6752.0,Paul Hull,72.27,False,Monitor,68.0,-4.269999999999996
3902.0,Allison Hamilton,85.28916666666667,False,Good,88.0,2.7108333333333263
6179.0,John King,81.58538095238096,False,Monitor,85.0,3.4146190476190412
6766.0,Tristan Avila,81.78833333333334,False,Monitor,90.0,8.211666666666659
9307.0,Connie Cooper,80.54,False,Monitor,88.0,7.459999999999994
9214.0,Judith Santos,86.03533333333333,False,Good,87.0,0.9646666666666732
5059.0,Michaela Powell,79.79166666666666,False,Monitor,90.0,10.208333333333343
7697.0,Lawrence Roberts,85.54,False,Good,87.0,1.4599999999999937
5128.0,Nicholas Robinson DDS,77.77,False,Monitor,85.0,7.230000000000004
3112.0,Jill Smith,74.41571428571429,False,Monitor,72.0,-2.4157142857142873
9331.0,Michael Burns,86.02,False,Good,90.0,3.980000000000004
4711.0,Adam Weaver,75.65619913419913,False,Monitor,72.0,-3.6561991341991273
6517.0,Melvin Mcgee,83.01142857142857,False,Monitor,88.0,4.988571428571433
1715.0,William Banks,76.05,False,Monitor,78.0,1.9500000000000028
8684.0,Dawn Morton,74.61833333333334,False,Monitor,,
4271.0,Frank Dawson,82.16088095238096,False,Monitor,87.0,4.839119047619036
5670.0,Gregory Davila,68.94520634920634,True,Intervention,62.0,-6.9452063492063445
6727.0,Rebekah Finley,88.925,False,Good,92.0,3.075000000000003
4678.0,Robert Martinez,80.185,False,Monitor,80.0,-0.18500000000000227
8685.0,Steven Crawford,87.93,False,Good,92.0,4.069999999999993
2821.0,Leslie King,78.24,False,Monitor,,
2029.0,George Cannon,76.17933333333333,False,Monitor,72.0,-4.179333333333332
5772.0,Adam Carlson,70.0,False,Intervention,62.0,-8.0
9576.0,Stephanie Lawrence,76.214,False,Monitor,72.0,-4.213999999999999
7338.0,,88.39,False,Good,92.0,3.6099999999999994
6447.0,Adam Blackwell,72.64,False,Monitor,68.0,-4.640000000000001
8840.0,Andrew Owens,87.69,False,Good,92.0,4.310000000000002
6170.0,John Sexton,74.3,False,Monitor,80.0,5.700000000000003
,Jasmine Williams,68.48,True,Intervention,62.0,-6.480000000000004
4060.0,Leon Nguyen,67.37,True,Intervention,62.0,-5.3700000000000045
9937.0,John White,81.7,False,Monitor,85.0,3.299999999999997
3730.0,Justin Martinez,65.92333333333335,True,Intervention,62.0,-3.923333333333346
2229.0,Nathaniel Kemp,83.36,False,Monitor,88.0,4.640000000000001
3068.0,Jacob Murray,81.56,False,Monitor,80.0,-1.5600000000000023
7077.0,Anthony Green,83.51,False,Monitor,90.0,6.489999999999995
5089.0,Trevor Freeman,74.74077922077922,False,Monitor,72.0,-2.740779220779217
8311.0,Michael Smith,72.50041666666667,False,Monitor,68.0,-4.500416666666666
8292.0,William Hogan,81.67,False,Monitor,85.0,3.3299999999999983
6922.0,,80.93133333333333,False,Monitor,80.0,-0.9313333333333276
8657.0,,77.21,False,Monitor,78.0,0.7900000000000063
2208.0,Joshua Juarez,74.515,False,Monitor,72.0,-2.5150000000000006
3114.0,Keith Wu,84.57833333333332,False,Monitor,85.0,0.42166666666668107
6669.0,Ryan Williams,70.85,False,Monitor,68.0,-2.8499999999999943
9234.0,Ronald Stewart,76.32333333333332,False,Monitor,88.0,11.676666666666677
1674.0,Ronald Schmidt,86.65583333333332,False,Good,92.0,5.3441666666666805
9159.0,Courtney Bradley,76.945,False,Monitor,78.0,1.0550000000000068
8202.0,Deanna Gonzalez,74.85666666666667,False,Monitor,68.0,-6.856666666666669
6658.0,Darrell Adams,85.51,False,Good,90.0,4.489999999999995
8366.0,Michael Mata,84.12105555555556,False,Monitor,88.0,3.8789444444444428
6123.0,Anthony Dunn,85.22363636363636,False,Good,85.0,-0.2236363636363592
,Jonathan Hodges,79.9,False,Monitor,80.0,0.09999999999999432
5681.0,Jill Williams,85.8,False,Good,90.0,4.200000000000003
7563.0,Julia Russell,84.35666666666668,False,Monitor,85.0,0.6433333333333167
,Shirley Jackson,75.24416666666667,False,Monitor,72.0,-3.244166666666672
4261.0,Tonya Thompson,87.41285714285713,False,Good,90.0,2.587142857142865
3440.0,Brandon Williamson,79.18,False,Monitor,,
9311.0,Joseph Davis,85.92399999999999,False,Good,90.0,4.076000000000008
1436.0,Elizabeth Andersen,80.51416666666665,False,Monitor,80.0,-0.5141666666666538
3421.0,Jeffrey Meyers,77.361,False,Monitor,78.0,0.6389999999999958
4340.0,Christopher Jones,74.0045238095238,False,Monitor,68.0,-6.004523809523803
8837.0,Aimee Rogers,75.5,False,Monitor,72.0,-3.5
8932.0,Alexis Bates,82.86142857142858,False,Monitor,85.0,2.1385714285714243
9011.0,Michael Evans,80.79,False,Monitor,87.0,6.209999999999994
7464.0,Omar Gonzalez,83.11330158730158,False,Monitor,87.0,3.886698412698422
8849.0,Melissa Perry,83.84,False,Monitor,85.0,1.1599999999999966
4972.0,Dawn Torres,68.65666666666667,True,Intervention,62.0,-6.656666666666666
3252.0,Timothy Dean,88.75333333333332,False,Good,92.0,3.246666666666684
5676.0,Anna Rollins MD,78.92,False,Monitor,80.0,1.0799999999999983
3880.0,Timothy Barrera,83.70833333333334,False,Monitor,80.0,-3.708333333333343
6489.0,Susan Morris,77.265,False,Monitor,72.0,-5.265000000000001
6417.0,Gordon Merritt,86.57923809523811,False,Good,90.0,3.420761904761889
3875.0,Kristy Rhodes,84.155,False,Monitor,87.0,2.844999999999999
,Kristi Cross,79.05371428571428,False,Monitor,85.0,5.946285714285722
5285.0,Ms. Marissa Ramirez,75.71,False,Monitor,68.0,-7.709999999999994
2923.0,Paul Hickman,75.935,False,Monitor,78.0,2.0649999999999977
7813.0,Mrs. Kathy Woodward,73.56,False,Monitor,72.0,-1.5600000000000023
2279.0,Alexis Horn,75.78333333333333,False,Monitor,72.0,-3.7833333333333314
2904.0,Shannon Harris DDS,80.94,False,Monitor,80.0,-0.9399999999999977
8484.0,Alicia Ortiz,84.613,False,Monitor,85.0,0.38700000000000045
,Steven Wood,77.62,False,Monitor,,
5703.0,Alexis Walton,73.62,False,Monitor,,
,Martin Mcknight,74.41,False,Monitor,72.0,-2.4099999999999966
1372.0,Gina Palmer,81.85,False,Monitor,92.0,10.150000000000006
5516.0,Jean Moreno,84.11,False,Monitor,,
8314.0,David Anderson,74.04,False,Monitor,72.0,-2.0400000000000063
3295.0,Brian Huffman,86.34666666666666,False,Good,90.0,3.653333333333336
7775.0,Jose Liu,79.58333333333333,False,Monitor,68.0,-11.583333333333329
1768.0,Cathy Pratt,71.49,False,Monitor,68.0,-3.489999999999995
4948.0,Kathy Sandoval,82.51333333333334,False,Monitor,62.0,-20.513333333333335
7363.0,Michael Webb,85.458,False,Good,90.0,4.542000000000002
1844.0,Ronnie Taylor,88.8,False,Good,92.0,3.200000000000003
8854.0,Matthew Miller,74.3,False,Monitor,87.0,12.700000000000003
4974.0,Shelly Hurley,67.91777777777777,True,Intervention,62.0,-5.917777777777772
6053.0,Mr. Martin Dominguez MD,75.08666666666667,False,Monitor,78.0,2.913333333333327
7073.0,Jennifer Wiggins,73.39,False,Monitor,68.0,-5.390000000000001
5836.0,Anthony Smith,88.14,False,Good,92.0,3.8599999999999994
5216.0,John Lopez,73.9375,False,Monitor,68.0,-5.9375
9882.0,Nathan Rodgers,71.61378571428571,False,Monitor,62.0,-9.613785714285711
2113.0,Martin Walker,78.2811111111111,False,Monitor,80.0,1.7188888888888982
8993.0,Jesus Wood,80.07714285714286,False,Monitor,80.0,-0.07714285714286007
1280.0,Kelly Bell,87.77216666666668,False,Good,92.0,4.227833333333322
6807.0,Kathryn Randall,85.56,False,Good,88.0,2.4399999999999977
5914.0,Sarah Norris,75.80366666666667,False,Monitor,72.0,-3.803666666666672
3807.0,Matthew Adams,74.47666666666667,False,Monitor,72.0,-2.4766666666666737
8790.0,William Wade,81.66733333333333,False,Monitor,80.0,-1.6673333333333318
4394.0,Brian Castro,89.35619047619048,False,Good,92.0,2.643809523809523
7288.0,Teresa Sanders,69.36166666666666,True,Intervention,62.0,-7.361666666666665
7499.0,Richard Oneal,86.9607857142857,False,Good,90.0,3.0392142857142943
4043.0,Christine Cooper,79.02,False,Monitor,87.0,7.980000000000004
3527.0,Michael Foster,81.37,False,Monitor,85.0,3.6299999999999955
2674.0,Loretta Gonzalez,75.47,False,Monitor,72.0,-3.469999999999999
2468.0,Douglas Ingram,67.89,True,Intervention,62.0,-5.890000000000001
2387.0,Randy Anderson,73.87142857142857,False,Monitor,68.0,-5.871428571428567
3390.0,Donna Shaw,78.62,False,Monitor,78.0,-0.6200000000000045
5040.0,Joseph Holt,73.6,False,Monitor,68.0,-5.599999999999994
7224.0,Taylor Acosta,80.61,False,Monitor,85.0,4.390000000000001
8848.0,Danielle Scott,80.18,False,Monitor,78.0,-2.180000000000007
6339.0,Melissa Aguirre,81.7,False,Monitor,92.0,10.299999999999997
1440.0,Cassandra Snyder,81.969,False,Monitor,,
5139.0,Kimberly Lambert,78.26,False,Monitor,78.0,-0.2600000000000051
9907.0,Rebecca Mendoza DDS,86.06,False,Good,92.0,5.939999999999998
1725.0,Michael Anderson,82.97083333333332,False,Monitor,85.0,2.0291666666666828
8303.0,Hannah Gentry,86.02,False,Good,90.0,3.980000000000004
5840.0,Patrick Reed,85.30733333333333,False,Good,90.0,4.692666666666668
6706.0,Tiffany Huff,77.89566666666667,False,Monitor,85.0,7.104333333333329
1370.0,Thomas Lee,72.8225,False,Monitor,72.0,-0.8225000000000051
8570.0,Justin Clark,80.792,False,Monitor,80.0,-0.7920000000000016
8037.0,Michael Martinez,84.84366666666666,False,Monitor,87.0,2.156333333333336
6993.0,Vincent Smith,85.935,False,Good,78.0,-7.935000000000002
7367.0,Sean Hull,86.02583333333334,False,Good,88.0,1.9741666666666617
2388.0,Sarah Welch,69.2,True,Intervention,68.0,-1.2000000000000028
7852.0,Mr. Stephen Gilmore,76.25,False,Monitor,72.0,-4.25
3733.0,Barry Parker,85.45,False,Good,88.0,2.549999999999997
8939.0,Joshua Kane,79.29,False,Monitor,78.0,-1.2900000000000063
8272.0,Anthony Wright,84.40910714285714,False,Monitor,85.0,0.5908928571428618
3755.0,Nathaniel Lopez,81.035,False,Monitor,88.0,6.965000000000003
9880.0,Darlene Fletcher,88.37428571428572,False,Good,92.0,3.625714285714281
5305.0,Christopher Moore,86.67466666666665,False,Good,88.0,1.3253333333333472
3719.0,Benjamin White,75.53666666666666,False,Monitor,72.0,-3.5366666666666617
6302.0,Jenny Coleman,79.93833333333333,False,Monitor,87.0,7.061666666666667
1971.0,Michael Gomez,75.57,False,Monitor,90.0,14.430000000000007
9019.0,Caleb Serrano,84.37867857142857,False,Monitor,87.0,2.6213214285714344
7600.0,William Carlson,77.05933333333333,False,Monitor,80.0,2.9406666666666723
8511.0,Timothy Pruitt,89.6175,False,Good,92.0,2.382499999999993
6533.0,Mario Johnston,85.03458333333332,False,Good,87.0,1.965416666666684
3035.0,Rebecca Kim,71.57266666666666,False,Monitor,68.0,-3.572666666666663
5489.0,Joyce Williams,70.1,False,Monitor,68.0,-2.0999999999999943
4836.0,Cynthia Sloan,85.93833333333333,False,Good,87.0,1.0616666666666674
1152.0,,83.48766666666667,False,Monitor,87.0,3.5123333333333306
2690.0,,82.20666666666666,False,Monitor,68.0,-14.206666666666663
3688.0,Patricia Williams,81.24833333333333,False,Monitor,78.0,-3.248333333333335
3293.0,Michael Payne,86.23,False,Good,68.0,-18.230000000000004
5065.0,Brooke Friedman,73.60952380952381,False,Monitor,72.0,-1.6095238095238074
1894.0,Daniel Mathis,84.51857142857143,False,Monitor,88.0,3.481428571428566
6185.0,Lynn Jennings,78.185,False,Monitor,68.0,-10.185000000000002
1273.0,Kimberly Randolph,78.78142857142856,False,Monitor,62.0,-16.781428571428563
7939.0,Jack Simmons,81.775,False,Monitor,85.0,3.2249999999999943
3545.0,Daniel Mendez,69.42,True,Intervention,62.0,-7.420000000000002
5005.0,Travis Lawson,78.39,False,Monitor,80.0,1.6099999999999994
2956.0,Jason Horne DDS,77.16230303030302,False,Monitor,72.0,-5.162303030303022
3735.0,Shawn Galloway,83.42666666666666,False,Monitor,62.0,-21.426666666666662
2262.0,Thomas Barnes,83.765,False,Monitor,88.0,4.234999999999999
2685.0,Elizabeth Curry,86.50666666666666,False,Good,92.0,5.493333333333339
3458.0,Nicole Cunningham,86.53291666666668,False,Good,92.0,5.467083333333321
5444.0,Patrick Thompson,83.98,False,Monitor,80.0,-3.980000000000004
7568.0,Marissa Stewart,74.21155555555555,False,Monitor,72.0,-2.211555555555549
5777.0,Melissa Wilson,78.05,False,Monitor,78.0,-0.04999999999999716
,Jaime Glenn,75.94,False,Monitor,72.0,-3.9399999999999977
6488.0,Mark Castillo,83.595,False,Monitor,92.0,8.405000000000001
5584.0,Mr. Kent Stanton,85.76,False,Good,90.0,4.239999999999995
2565.0,Tyrone Phillips,67.21,True,Intervention,62.0,-5.209999999999994
5778.0,Christopher Collins,83.73,False,Monitor,85.0,1.269999999999996
,David Rowe,81.17,False,Monitor,62.0,-19.17
8404.0,Christopher Mccullough,82.2386488095238,False,Monitor,85.0,2.761351190476205
4522.0,Carla Rodriguez,77.02,False,Monitor,72.0,-5.019999999999996
3848.0,Makayla Howard,83.20333333333333,False,Monitor,87.0,3.796666666666667
2989.0,Barbara White,85.095,False,Good,90.0,4.905000000000001
5240.0,Sarah Davis,83.20253968253968,False,Monitor,87.0,3.7974603174603203
1699.0,Cody Donovan,67.39,True,Intervention,62.0,-5.390000000000001
3831.0,Jessica Jenkins,72.15,False,Monitor,68.0,-4.150000000000006
5835.0,Benjamin Alexander,77.645,False,Monitor,85.0,7.355000000000004
9614.0,Isaac Lopez,75.54866666666666,False,Monitor,72.0,-3.548666666666662
7363.0,Ariana Morse,78.24,False,Monitor,80.0,1.7600000000000051
1959.0,Brian Avery,82.73166666666665,False,Monitor,87.0,4.268333333333345
9743.0,Amy Lawson,72.86,False,Monitor,68.0,-4.859999999999999
1462.0,Derek Choi,77.52946428571428,False,Monitor,78.0,0.4705357142857167
1621.0,Paul Reese,79.872,False,Monitor,72.0,-7.872
3137.0,Francisco Chang,86.24319047619046,False,Good,88.0,1.7568095238095367
9622.0,Christian Knight,88.09,False,Good,90.0,1.9099999999999966
8157.0,Andrew Wilkerson,84.69,False,Monitor,92.0,7.310000000000002
6026.0,Brandon Alvarez,79.443,False,Monitor,88.0,8.557000000000002
4619.0,Gary Young,85.44428571428573,False,Good,90.0,4.555714285714274
6500.0,Jessica Wright,83.16869047619048,False,Monitor,87.0,3.831309523809523
1020.0,Timothy Clements,81.34,False,Monitor,,
2661.0,Alexander Gordon DDS,80.10071428571429,False,Monitor,80.0,-0.10071428571428953
2715.0,James Martinez,84.49,False,Monitor,87.0,2.510000000000005
8909.0,Francisco Williams,81.34,False,Monitor,80.0,-1.3400000000000034
7705.0,Jordan Brooks,67.44,True,Intervention,62.0,-5.439999999999998
1893.0,Kurt Boyd,80.95,False,Monitor,88.0,7.049999999999997
4390.0,Bryan Salazar,67.17,True,Intervention,62.0,-5.170000000000002
2493.0,Mrs. Heather Roy,78.98357142857144,False,Monitor,78.0,-0.9835714285714374
5315.0,,82.0,False,Monitor,87.0,5.0
4727.0,Kathleen Newton,77.47,False,Monitor,78.0,0.5300000000000011
5896.0,Julian Fox,85.47,False,Good,88.0,2.530000000000001
2970.0,Kylie Hancock,77.68,False,Monitor,80.0,2.319999999999993
4308.0,Matthew Werner,66.270625,True,Intervention,62.0,-4.2706249999999955
5525.0,Kelsey Bush,85.31383333333333,False,Good,87.0,1.686166666666665
2730.0,Brandon Dickerson,68.97,True,Intervention,62.0,-6.969999999999999
1613.0,Jamie Allen,68.78333333333333,True,Intervention,62.0,-6.783333333333331
1807.0,Taylor Smith,85.47,False,Good,,
4734.0,Elizabeth Chavez,83.01,False,Monitor,62.0,-21.010000000000005
8237.0,Melissa Morris,76.14363636363636,False,Monitor,72.0,-4.143636363636361
9303.0,Donna Hardin,87.675,False,Good,92.0,4.325000000000003
5087.0,Andrew Cook,79.08228571428572,False,Monitor,,
,Dr. Richard Wallace,72.75,False,Monitor,68.0,-4.75
6640.0,Samuel Shaw,78.45416666666667,False,Monitor,80.0,1.5458333333333343
4626.0,Mike Waters,80.3497619047619,False,Monitor,80.0,-0.3497619047619054
1138.0,Andrea Newman,66.23,True,Intervention,62.0,-4.230000000000004
4575.0,,84.48285714285714,False,Monitor,87.0,2.517142857142858
5631.0,Barry Jenkins,83.22333333333334,False,Monitor,90.0,6.776666666666657
4086.0,Laurie Johnson,82.75833333333334,False,Monitor,90.0,7.24166666666666
9148.0,John Coleman,75.43,False,Monitor,80.0,4.569999999999993
6622.0,John Carter,74.48,False,Monitor,68.0,-6.480000000000004
5813.0,Mr. Devon Garrett,86.05595238095236,False,Good,90.0,3.9440476190476375
4659.0,Jill Kelly,84.37,False,Monitor,85.0,0.6299999999999955
1879.0,Richard Gonzalez,68.61266666666667,True,Intervention,62.0,-6.612666666666669
3470.0,Alex White,71.94,False,Monitor,68.0,-3.9399999999999977
2324.0,Michael Gonzales,80.11,False,Monitor,78.0,-2.1099999999999994
3595.0,John Williams,70.57,False,Monitor,62.0,-8.569999999999993
1076.0,Daniel Herrera,74.72888888888889,False,Monitor,72.0,-2.728888888888889
,Jessica Richardson,75.85666666666665,False,Monitor,72.0,-3.856666666666655
1749.0,Ian Glass,79.51833333333333,False,Monitor,,
6615.0,Heidi Simmons,87.23833333333332,False,Good,92.0,4.7616666666666845
1359.0,Andrea Fuller,85.1,False,Good,85.0,-0.09999999999999432
1785.0,David Dunlap,70.60600000000001,False,Monitor,62.0,-8.606000000000009
3508.0,Antonio Mitchell,76.115,False,Monitor,72.0,-4.114999999999995
7862.0,Mariah Cole,81.22160317460317,False,Monitor,87.0,5.778396825396825
,Rhonda Ramos,79.03,False,Monitor,72.0,-7.030000000000001
6416.0,Raymond Murillo,80.91028571428572,False,Monitor,78.0,-2.9102857142857204
2659.0,Andrea Bradley,81.969,False,Monitor,80.0,-1.968999999999994
5760.0,,80.19083333333333,False,Monitor,80.0,-0.1908333333333303
6384.0,Tina Velazquez,76.793,False,Monitor,90.0,13.206999999999994
8479.0,Bonnie Callahan,72.43,False,Monitor,68.0,-4.430000000000007
2699.0,Eric Scott,84.18958333333332,False,Monitor,88.0,3.8104166666666828
,Maria Leblanc,85.0625,False,Good,87.0,1.9375
9598.0,Michael Valenzuela,68.3,True,Intervention,62.0,-6.299999999999997
6664.0,Robin Spears,73.702,False,Monitor,68.0,-5.701999999999998
3709.0,David Owens,81.02428571428571,False,Monitor,80.0,-1.0242857142857105
7607.0,,85.01,False,Good,87.0,1.9899999999999949
2944.0,Elizabeth Clark,77.44,False,Monitor,72.0,-5.439999999999998
9328.0,Beverly Fisher,78.59553571428572,False,Monitor,78.0,-0.5955357142857167
6952.0,Sarah Bailey,86.9525,False,Good,90.0,3.0474999999999994
2741.0,Kendra Ramirez,83.155,False,Monitor,85.0,1.8449999999999989
7437.0,Diane Ross,81.7268888888889,False,Monitor,80.0,-1.7268888888888938
8381.0,Stephanie Mcfarland,73.93,False,Monitor,72.0,-1.9300000000000068
8912.0,Michelle Woods,82.16,False,Monitor,88.0,5.840000000000003
7859.0,David Ruiz,71.19,False,Monitor,68.0,-3.1899999999999977
9975.0,Jason Castro,82.83869047619048,False,Monitor,85.0,2.1613095238095212
3913.0,Kathleen Montgomery,80.46,False,Monitor,88.0,7.540000000000006
9747.0,James Bennett,66.91,True,Intervention,62.0,-4.909999999999997
4275.0,Kelsey Watkins,84.54,False,Monitor,85.0,0.45999999999999375
6876.0,David Park,75.45,False,Monitor,72.0,-3.450000000000003
1769.0,Christopher Poole,79.38,False,Monitor,80.0,0.6200000000000045
4695.0,Rebecca Baxter,88.42,False,Good,92.0,3.5799999999999983
4063.0,Virginia Daniel,81.56916666666666,False,Monitor,85.0,3.4308333333333394
5178.0,Melissa Gordon,84.16707142857143,False,Monitor,90.0,5.8329285714285675
9037.0,Brett Barrett,75.54,False,Monitor,72.0,-3.5400000000000063
7814.0,Brandon Townsend,85.8,False,Good,90.0,4.200000000000003
9691.0,Haley Robertson,87.47666666666667,False,Good,92.0,4.523333333333326
1653.0,Michelle Gonzalez,83.03,False,Monitor,85.0,1.9699999999999989
9426.0,Gary Holland,75.55702380952381,False,Monitor,72.0,-3.5570238095238125
9814.0,Felicia Howard,89.4375,False,Good,92.0,2.5625
2181.0,Sean Walker,86.34225,False,Good,87.0,0.657749999999993
2154.0,Brianna Mills,68.51,True,Intervention,62.0,-6.510000000000005
2938.0,Michael Case,83.77016666666667,False,Monitor,87.0,3.229833333333332
5748.0,Felicia Houston,71.04833333333335,False,Monitor,62.0,-9.048333333333346
3561.0,Kevin Wilson,70.27,False,Monitor,68.0,-2.269999999999996
1182.0,Mary Vaughn,69.09333333333333,True,Intervention,62.0,-7.093333333333334
4441.0,,72.23,False,Monitor,68.0,-4.230000000000004
2877.0,Maurice Martinez,71.36,False,Monitor,72.0,0.6400000000000006
5107.0,Jonathon Perry,74.84125,False,Monitor,68.0,-6.841250000000002
5671.0,,84.7,False,Monitor,88.0,3.299999999999997
6971.0,Rebecca Evans,88.52333333333333,False,Good,92.0,3.4766666666666737
5533.0,Paul Williams,87.46285714285713,False,Good,90.0,2.537142857142868
3879.0,Tyler Boyer,85.885,False,Good,87.0,1.1149999999999949
7637.0,Kristy Nichols,79.64328571428571,False,Monitor,78.0,-1.6432857142857102
7430.0,Darren Martin,74.86683333333333,False,Monitor,72.0,-2.8668333333333322
4913.0,Katelyn Morgan,84.78666666666666,False,Monitor,88.0,3.2133333333333383
,Dennis Elliott,82.30833333333334,False,Monitor,85.0,2.691666666666663
9485.0,Jesus Henson,76.395,False,Monitor,90.0,13.605000000000004
5314.0,Robin Stewart,82.45,False,Monitor,87.0,4.549999999999997
9460.0,Lawrence Miller,77.65,False,Monitor,80.0,2.3499999999999943
3713.0,Ronnie White,70.58,False,Monitor,68.0,-2.5799999999999983
4773.0,John Fox,86.64399999999999,False,Good,92.0,5.356000000000009
1367.0,,73.04928571428572,False,Monitor,68.0,-5.049285714285716
1916.0,Daniel Scott,85.11142857142858,False,Good,88.0,2.8885714285714243
2404.0,,87.0375,False,Good,92.0,4.962500000000006
3979.0,Jonathan Mann,82.08781818181818,False,Monitor,87.0,4.912181818181821
2778.0,Bethany Andersen,83.23809523809523,False,Monitor,88.0,4.761904761904773
9706.0,Tiffany Moore,81.18333333333334,False,Monitor,80.0,-1.1833333333333371
9553.0,Sylvia Chavez,78.94,False,Monitor,78.0,-0.9399999999999977
2600.0,Gerald Reilly,78.84242857142857,False,Monitor,85.0,6.15757142857143
5223.0,Ashlee Wilcox,75.65857738095238,False,Monitor,72.0,-3.65857738095238
6175.0,Lance Johnson,81.39,False,Monitor,88.0,6.609999999999999
6990.0,,79.26,False,Monitor,78.0,-1.2600000000000051
5157.0,,84.7,False,Monitor,87.0,2.299999999999997
2642.0,Patrick Gonzalez MD,81.11,False,Monitor,80.0,-1.1099999999999994
2492.0,Cole Gomez,83.625,False,Monitor,85.0,1.375
7296.0,Alejandro Gutierrez,71.02166666666668,False,Monitor,68.0,-3.0216666666666754
4304.0,Natalie Long,89.29416666666665,False,Good,92.0,2.705833333333345
6893.0,Abigail Ingram,85.554,False,Good,90.0,4.445999999999998
9482.0,Eileen Lee,75.52,False,Monitor,72.0,-3.519999999999996
5530.0,Nancy Moore,80.9,False,Monitor,80.0,-0.9000000000000057
2185.0,Melanie Wilson,83.74,False,Monitor,88.0,4.260000000000005
8923.0,Gloria Henderson,77.53,False,Monitor,78.0,0.46999999999999886
4610.0,Christopher Payne,80.06,False,Monitor,80.0,-0.060000000000002274
5706.0,John Franklin,79.024,False,Monitor,78.0,-1.024000000000001
3994.0,Angel Stout,82.69,False,Monitor,92.0,9.310000000000002
,James Watkins,73.89,False,Monitor,72.0,-1.8900000000000006
6167.0,Candace Kelly,79.91,False,Monitor,85.0,5.090000000000003
1887.0,Zachary Daniel,82.083,False,Monitor,62.0,-20.083
8490.0,Angel Howard,88.66125,False,Good,92.0,3.3387500000000045
6924.0,Heather Hill,79.95966666666668,False,Monitor,78.0,-1.9596666666666778
4013.0,Heather Gamble,67.1,True,Intervention,62.0,-5.099999999999994
4744.0,Sean Levine,88.14333333333335,False,Good,92.0,3.856666666666655
8749.0,Brian Diaz,73.71666666666665,False,Monitor,72.0,-1.7166666666666544
5915.0,Catherine Koch,80.92,False,Monitor,68.0,-12.920000000000002
2577.0,,74.79,False,Monitor,72.0,-2.7900000000000063
1324.0,Anne Martin,85.77,False,Good,88.0,2.230000000000004
5663.0,Mary Warren,75.08666666666667,False,Monitor,62.0,-13.086666666666673
3745.0,Amanda Bryant,85.69,False,Good,87.0,1.3100000000000023
6191.0,Joel Ford,86.178,False,Good,90.0,3.8220000000000027
7782.0,Mark Miller,84.04,False,Monitor,85.0,0.9599999999999937
4450.0,Sarah Russell,75.399,False,Monitor,72.0,-3.399000000000001
9584.0,Lisa Mitchell,69.54285714285714,True,Intervention,62.0,-7.5428571428571445
8260.0,William White,77.39333333333333,False,Monitor,90.0,12.60666666666667
8654.0,Jacqueline Garcia,84.94777777777777,False,Monitor,88.0,3.052222222222227
9576.0,Elizabeth Wright,79.15,False,Monitor,78.0,-1.1500000000000057
3551.0,Pamela Woods,82.34771428571429,False,Monitor,85.0,2.6522857142857106
8816.0,Sydney Patterson,82.12,False,Monitor,80.0,-2.1200000000000045
8161.0,Lisa Johnson,78.73,False,Monitor,85.0,6.269999999999996
9464.0,Todd Jackson,84.58285714285714,False,Monitor,87.0,2.4171428571428635
8460.0,Shelby Richards,75.6055,False,Monitor,80.0,4.394499999999994
4046.0,Joseph Roberts,78.60016666666667,False,Monitor,80.0,1.3998333333333335
9086.0,Samantha Burton,76.77,False,Monitor,78.0,1.230000000000004
2314.0,Cynthia Mcdonald,77.02,False,Monitor,78.0,0.980000000000004
1206.0,Kimberly Petty,79.34,False,Monitor,80.0,0.6599999999999966
9538.0,Joshua Carpenter,80.17428571428572,False,Monitor,80.0,-0.17428571428571615
5150.0,Jessica Fuller,86.23166666666665,False,Good,92.0,5.768333333333345
6316.0,Andrea Barber,86.49288888888888,False,Good,92.0,5.507111111111115
3539.0,Brian Lyons,84.61666666666666,False,Monitor,88.0,3.38333333333334
1979.0,Tammy Fuentes,85.98,False,Good,92.0,6.019999999999996
8187.0,Robert Taylor,79.06428571428572,False,Monitor,80.0,0.9357142857142833
9892.0,David Gonzalez,82.71,False,Monitor,,
2128.0,Steven Myers,78.77719047619047,False,Monitor,78.0,-0.7771904761904693
4039.0,Cassandra Perez,83.1,False,Monitor,87.0,3.9000000000000057
4110.0,Jacqueline Eaton,83.12,False,Monitor,62.0,-21.120000000000005
9572.0,Carrie Mccoy,86.23916666666666,False,Good,87.0,0.7608333333333377
7366.0,Amy Fisher,86.38716666666667,False,Good,90.0,3.6128333333333273
1214.0,Stephanie Reid,74.37073015873015,False,Monitor,72.0,-2.3707301587301544
1955.0,Reginald Hoover,87.06666666666666,False,Good,92.0,4.933333333333337
4784.0,Christina Russo,72.89,False,Monitor,68.0,-4.890000000000001
2728.0,Raymond Howell,75.46,False,Monitor,72.0,-3.4599999999999937
9747.0,Angela Perez,70.88,False,Monitor,62.0,-8.879999999999995
4943.0,Charles Aguilar,84.96,False,Monitor,78.0,-6.959999999999994
5660.0,Caitlyn Green,84.03,False,Monitor,92.0,7.969999999999999
5521.0,Ronald Davis,70.59116666666667,False,Monitor,68.0,-2.591166666666666
4817.0,Melissa Lucas,84.83,False,Monitor,92.0,7.170000000000002
8905.0,Heidi Leonard,82.78383333333333,False,Monitor,85.0,2.216166666666666
,Samantha Patton,77.02333333333333,False,Monitor,92.0,14.976666666666674
7266.0,Richard Swanson,83.13666666666668,False,Monitor,88.0,4.8633333333333155
3509.0,Lauren Simpson,82.57083333333334,False,Monitor,87.0,4.42916666666666
,Kimberly Raymond,78.8,False,Monitor,80.0,1.2000000000000028
7529.0,Marissa Raymond,80.72833333333332,False,Monitor,78.0,-2.7283333333333246
9589.0,Joyce Bishop,86.01,False,Good,88.0,1.9899999999999949
7939.0,Michael Kelly,79.265,False,Monitor,80.0,0.7349999999999994
8245.0,Peggy Hill,87.84,False,Good,90.0,2.1599999999999966
2841.0,Derrick Love,86.81482142857143,False,Good,90.0,3.1851785714285654
8373.0,Laura Stevens,78.85,False,Monitor,92.0,13.150000000000006
9991.0,Terri Potter,73.77,False,Monitor,72.0,-1.769999999999996
5653.0,Veronica Saunders,77.85,False,Monitor,80.0,2.1500000000000057
6901.0,Emily Townsend,79.05371428571428,False,Monitor,72.0,-7.053714285714278
8940.0,James Long,78.5525,False,Monitor,,
6465.0,Jennifer Dickson,85.24,False,Good,90.0,4.760000000000005
9212.0,Alexa West,82.73,False,Monitor,85.0,2.269999999999996
3248.0,Phillip Donovan,86.01,False,Good,92.0,5.989999999999995
6395.0,Monique King,83.85,False,Monitor,72.0,-11.849999999999994
6062.0,Karl Murray,86.37,False,Good,87.0,0.6299999999999955
4016.0,Julia Brooks,82.45,False,Monitor,,
3489.0,Lauren Montgomery,83.11383333333333,False,Monitor,88.0,4.886166666666668
4804.0,Nathan Wall,75.28066666666666,False,Monitor,72.0,-3.2806666666666615
4014.0,Kristin Macias,86.67333333333332,False,Good,92.0,5.326666666666682
5421.0,Samuel Smith,76.48,False,Monitor,,
8496.0,,68.21,True,Intervention,62.0,-6.209999999999994
9530.0,Bradley Stevens,74.18533333333333,False,Monitor,72.0,-2.1853333333333325
7347.0,Morgan Hampton,81.32125,False,Monitor,85.0,3.6787499999999937
1893.0,Lori Carrillo,82.47745833333335,False,Monitor,68.0,-14.477458333333345
7440.0,Samantha Novak,85.36,False,Good,88.0,2.6400000000000006
2477.0,Audrey Robinson,78.33999999999999,False,Monitor,78.0,-0.3399999999999892
9383.0,Lindsey Kerr,87.9,False,Good,90.0,2.0999999999999943
3656.0,Cynthia Nguyen,83.14,False,Monitor,78.0,-5.140000000000001
3155.0,Ryan Hood,77.59055555555555,False,Monitor,78.0,0.4094444444444463
9084.0,Matthew Stevenson,74.84125,False,Monitor,78.0,3.1587499999999977
5009.0,Rhonda White,72.62333333333333,False,Monitor,68.0,-4.623333333333335
3381.0,Larry Ramsey,78.55666666666667,False,Monitor,80.0,1.443333333333328
5659.0,Kimberly Anderson,81.80109126984127,False,Monitor,85.0,3.1989087301587347
8001.0,Brian Miles,78.60904761904762,False,Monitor,,
4425.0,Kelly Baker,84.20466666666667,False,Monitor,88.0,3.795333333333332
7996.0,Wendy Miller,74.37,False,Monitor,68.0,-6.3700000000000045
9069.0,Michael Webster,83.30375,False,Monitor,87.0,3.6962500000000063
4396.0,Michelle Ryan,86.81,False,Good,92.0,5.189999999999998
5168.0,Justin Jennings,79.98404761904762,False,Monitor,80.0,0.015952380952384715
7488.0,Norma Ward,79.32,False,Monitor,78.0,-1.3199999999999932
8888.0,,80.52428571428571,False,Monitor,80.0,-0.5242857142857105
9779.0,Vincent Johnson,79.77,False,Monitor,68.0,-11.769999999999996
7147.0,David Stone,78.88333333333333,False,Monitor,87.0,8.116666666666674
6152.0,Amy Evans,85.89,False,Good,90.0,4.109999999999999
,Caleb Walker,82.15625,False,Monitor,,
9192.0,Stephen Ramirez,80.96,False,Monitor,90.0,9.040000000000006
4361.0,Nicholas Baxter,84.155,False,Monitor,85.0,0.8449999999999989
6460.0,Raymond Smith,82.16183333333335,False,Monitor,88.0,5.838166666666652
6257.0,Roy Johnson,80.77,False,Monitor,78.0,-2.769999999999996
3580.0,Ryan Vasquez,84.575,False,Monitor,87.0,2.424999999999997
5440.0,Justin Johnson,83.55876190476191,False,Monitor,85.0,1.4412380952380914
1831.0,,78.99119047619048,False,Monitor,80.0,1.0088095238095178
8304.0,Kaylee Benjamin,78.16,False,Monitor,78.0,-0.1599999999999966
2593.0,Charles Murphy,81.32,False,Monitor,68.0,-13.319999999999993
6954.0,Grant Henderson,81.19666666666666,False,Monitor,80.0,-1.1966666666666583
8842.0,Michael Woods,70.546,False,Monitor,68.0,-2.5460000000000065
6339.0,Michael Kane,79.76333333333334,False,Monitor,62.0,-17.763333333333335
8903.0,Susan Benson,71.56,False,Monitor,62.0,-9.560000000000002
3835.0,Timothy Armstrong,81.38,False,Monitor,78.0,-3.3799999999999955
3886.0,Cindy Harvey,83.99,False,Monitor,88.0,4.010000000000005
9098.0,Caitlin Carter,80.96,False,Monitor,80.0,-0.9599999999999937
8421.0,Ricky Johnson,90.23,False,Good,92.0,1.769999999999996
5989.0,Bryan Hoover,76.83,False,Monitor,72.0,-4.829999999999998
2022.0,Elijah Wagner,86.59166666666668,False,Good,87.0,0.4083333333333172
8073.0,Felicia Davis,75.31,False,Monitor,72.0,-3.3100000000000023
3278.0,Jonathan Hess,81.93428571428572,False,Monitor,85.0,3.0657142857142787
3200.0,Michael Yoder,67.38083333333334,True,Intervention,62.0,-5.380833333333342
3248.0,Samantha York,78.48571428571428,False,Monitor,78.0,-0.48571428571428044
7303.0,Joanna Martinez,84.97,False,Monitor,88.0,3.030000000000001
9220.0,Penny Hopkins,79.392,False,Monitor,80.0,0.6080000000000041
2854.0,Justin Foster,79.47800000000001,False,Monitor,72.0,-7.478000000000009
5017.0,Jennifer Morgan,82.35702380952381,False,Monitor,80.0,-2.3570238095238096
8681.0,Dalton Chen,87.415,False,Good,90.0,2.5849999999999937
3744.0,Mrs. Amy Carney MD,78.510625,False,Monitor,78.0,-0.5106250000000045
5780.0,Melissa Wang,84.40619047619047,False,Monitor,87.0,2.593809523809526
,Chelsea Porter,71.432,False,Monitor,68.0,-3.432000000000002
8317.0,Cameron Bender,75.52,False,Monitor,72.0,-3.519999999999996
,Vanessa Hall,76.29666666666667,False,Monitor,78.0,1.7033333333333331
6653.0,Daniel Solomon,76.6325,False,Monitor,62.0,-14.632499999999993
7222.0,Deanna Jones,80.565,False,Monitor,80.0,-0.5649999999999977
6172.0,Alicia Young,83.99952380952382,False,Monitor,85.0,1.0004761904761779
5183.0,Peter Figueroa,78.96366666666667,False,Monitor,90.0,11.036333333333332
9972.0,Jacob Thompson,76.38,False,Monitor,72.0,-4.3799999999999955
4594.0,Jonathon Woodward,81.90583333333333,False,Monitor,87.0,5.094166666666666
2995.0,Brian Hayes,85.365,False,Good,88.0,2.635000000000005
4018.0,Lisa Carroll,70.71133333333334,False,Monitor,62.0,-8.711333333333343
5216.0,Cassandra Ryan,78.91,False,Monitor,90.0,11.090000000000003
3915.0,Terri Hayden,78.4055,False,Monitor,68.0,-10.405500000000004
9857.0,Taylor Burns,82.64,False,Monitor,85.0,2.3599999999999994
5105.0,Andrew Jimenez,75.74,False,Monitor,62.0,-13.739999999999995
7411.0,Wendy King,84.39,False,Monitor,87.0,2.6099999999999994
8898.0,Luis Carter,83.75952380952381,False,Monitor,85.0,1.240476190476187
6985.0,Nicholas Jones,76.70666666666666,False,Monitor,72.0,-4.7066666666666634
5896.0,Tiffany Sanders,77.49,False,Monitor,78.0,0.5100000000000051
4163.0,,74.58,False,Monitor,72.0,-2.5799999999999983
1268.0,Tina Knight,81.98,False,Monitor,87.0,5.019999999999996
9791.0,Brittany Andrews,73.64666666666668,False,Monitor,68.0,-5.646666666666675
1750.0,William Weber,84.35166666666666,False,Monitor,87.0,2.6483333333333405
2742.0,Angela Ortiz,79.325,False,Monitor,92.0,12.674999999999997
6312.0,David Meyer,84.10916666666667,False,Monitor,,
,Michelle Aguilar,71.87,False,Monitor,68.0,-3.8700000000000045
3185.0,Travis Harrell,85.08,False,Good,87.0,1.9200000000000017
5648.0,Craig Mccann,85.08,False,Good,85.0,-0.0799999999999983
3859.0,Scott Edwards,77.62166666666667,False,Monitor,85.0,7.37833333333333
4144.0,Kelly Cohen,75.645,False,Monitor,72.0,-3.644999999999996
5528.0,David Diaz,78.05958333333334,False,Monitor,,
6966.0,Joseph Green,80.43,False,Monitor,,
9804.0,Henry Johnson,83.37585858585858,False,Monitor,87.0,3.6241414141414197
6340.0,Keith Wilson,87.15,False,Good,92.0,4.849999999999994
4276.0,Jordan Chase,77.27333333333333,False,Monitor,80.0,2.7266666666666737
8454.0,Kayla Solomon,85.34,False,Good,92.0,6.659999999999997
6503.0,Hayley Johnson,79.29480952380952,False,Monitor,87.0,7.705190476190481
3804.0,John Bender,79.36,False,Monitor,88.0,8.64
2416.0,William Christian,78.5055,False,Monitor,,
5041.0,Michael Willis,74.19,False,Monitor,68.0,-6.189999999999998
1724.0,James Simmons,68.30333333333333,True,Intervention,62.0,-6.3033333333333275
8412.0,Christopher Sullivan,69.39833333333333,True,Intervention,62.0,-7.398333333333326
5846.0,Michelle Santos,79.99,False,Monitor,78.0,-1.9899999999999949
8452.0,Michael Walters,71.87,False,Monitor,78.0,6.1299999999999955
7305.0,Jason Anderson,88.21666666666665,False,Good,88.0,-0.21666666666665435
2326.0,,82.58,False,Monitor,62.0,-20.58
6989.0,James Hoover,87.5225,False,Good,92.0,4.477500000000006
9841.0,Julie Garza,84.58,False,Monitor,90.0,5.420000000000002
5540.0,Lisa Williams,76.16,False,Monitor,72.0,-4.159999999999997
9714.0,Erica Thomas,79.400625,False,Monitor,78.0,-1.4006250000000051
5724.0,Calvin Vargas,71.53,False,Monitor,68.0,-3.530000000000001
5803.0,Molly Jones,78.85333333333332,False,Monitor,78.0,-0.8533333333333246
4097.0,Shannon Hogan,84.38530303030304,False,Monitor,88.0,3.614696969696965
8965.0,James Fields,73.79,False,Monitor,68.0,-5.790000000000006
7093.0,Arthur Johnson,73.37,False,Monitor,68.0,-5.3700000000000045
3986.0,Collin Edwards,78.53428571428572,False,Monitor,90.0,11.465714285714284
7056.0,Kimberly Smith,82.71333333333332,False,Monitor,68.0,-14.713333333333324
9743.0,Mr. Clinton Camacho,78.15,False,Monitor,78.0,-0.15000000000000568
9948.0,Taylor Moyer,78.278,False,Monitor,68.0,-10.278000000000006
6549.0,,82.37116666666665,False,Monitor,85.0,2.628833333333347
8306.0,David Jimenez,87.44,False,Good,92.0,4.560000000000002
4206.0,Kyle Coleman,75.34,False,Monitor,62.0,-13.340000000000003
6915.0,Marvin Cardenas,76.66,False,Monitor,80.0,3.3400000000000034
8300.0,Eddie Robertson,73.77,False,Monitor,68.0,-5.769999999999996
,Christopher Diaz,87.53,False,Good,90.0,2.469999999999999
2449.0,Christopher Taylor,76.19,False,Monitor,78.0,1.8100000000000023
4264.0,Brenda Bell,81.13777777777777,False,Monitor,85.0,3.862222222222229
8593.0,Ashley Nguyen,80.50060064935064,False,Monitor,78.0,-2.5006006493506447
7834.0,Michael Bailey,79.02080952380952,False,Monitor,78.0,-1.0208095238095183
8872.0,Maria Scott,83.29833333333332,False,Monitor,88.0,4.701666666666682
1958.0,Katherine Mclaughlin,84.16707142857143,False,Monitor,80.0,-4.1670714285714325
1798.0,Karen Cruz,76.14462499999999,False,Monitor,68.0,-8.14462499999999
9908.0,Jodi Taylor,73.21916666666667,False,Monitor,72.0,-1.2191666666666663
3243.0,Thomas Mcgrath,85.6635,False,Good,87.0,1.336500000000001
,Alec Peterson,79.94,False,Monitor,80.0,0.060000000000002274
3277.0,Kathy Bailey,84.09952380952382,False,Monitor,85.0,0.9004761904761835
3108.0,Karen Wolf,78.74,False,Monitor,87.0,8.260000000000005
2273.0,Mary Jones,77.40666666666667,False,Monitor,80.0,2.5933333333333337
8685.0,Lisa Houston,79.70738095238096,False,Monitor,80.0,0.29261904761904134
4365.0,Ashley Jordan,83.22944444444445,False,Monitor,85.0,1.7705555555555463
3630.0,Lonnie Williams,79.53771428571429,False,Monitor,80.0,0.46228571428571286
5617.0,Michael Poole,79.39761904761906,False,Monitor,78.0,-1.3976190476190595
8203.0,David Martinez,79.58035714285714,False,Monitor,72.0,-7.580357142857139
3025.0,Eduardo Miller,82.75,False,Monitor,85.0,2.25
6375.0,Kristine Williams,83.26,False,Monitor,85.0,1.7399999999999949
7672.0,,86.43,False,Good,90.0,3.569999999999993
2723.0,Audrey Woods,71.522125,False,Monitor,62.0,-9.522125000000003
3764.0,Lauren Brown,69.745,True,Intervention,62.0,-7.7450000000000045
5563.0,Stephanie Merritt,77.42,False,Monitor,78.0,0.5799999999999983
2770.0,Rebecca Jones,79.26833333333333,False,Monitor,68.0,-11.26833333333333
2117.0,Isaiah Arnold,84.03666666666668,False,Monitor,90.0,5.963333333333324
2253.0,Andrea Frey,76.07283333333334,False,Monitor,72.0,-4.072833333333335
1517.0,Andrew Dudley,75.88,False,Monitor,78.0,2.1200000000000045
5965.0,Kenneth Jones,68.63,True,Intervention,62.0,-6.6299999999999955
9837.0,Jane Griffith,69.32166666666666,True,Intervention,62.0,-7.321666666666658
6779.0,Jeff Phillips,71.355,False,Monitor,68.0,-3.355000000000004
6591.0,Dawn Edwards,86.75,False,Good,90.0,3.25
4844.0,Paige Campbell,86.664375,False,Good,90.0,3.335624999999993
1612.0,Belinda Kim,76.77,False,Monitor,80.0,3.230000000000004
6185.0,Christopher Cruz,79.99,False,Monitor,78.0,-1.9899999999999949
6504.0,Ruben Steele,80.83,False,Monitor,90.0,9.170000000000002
2234.0,Bradley Martinez,67.28971428571428,True,Intervention,62.0,-5.2897142857142825
2552.0,Alison Williams,80.258,False,Monitor,62.0,-18.257999999999996
5945.0,Scott Ferguson,69.89,True,Intervention,62.0,-7.890000000000001
9971.0,David Brown,88.57041666666666,False,Good,92.0,3.4295833333333405
,Joseph Smith,82.07,False,Monitor,78.0,-4.069999999999993
8133.0,,83.1,False,Monitor,85.0,1.9000000000000057
7649.0,Renee Scott,78.64,False,Monitor,85.0,6.359999999999999
7914.0,Aimee Green,84.22,False,Monitor,85.0,0.7800000000000011
1691.0,Ricky Jenkins,83.78,False,Monitor,85.0,1.2199999999999989
2479.0,Kelly Allen MD,75.15,False,Monitor,72.0,-3.1500000000000057
9133.0,Sean Smith,83.96183333333335,False,Monitor,88.0,4.038166666666655
7928.0,Robert Johnson,75.59188095238095,False,Monitor,78.0,2.408119047619053
9034.0,Susan Russell,80.405,False,Monitor,92.0,11.594999999999999
6947.0,Ryan West,76.8325,False,Monitor,80.0,3.167500000000004
5144.0,,78.370625,False,Monitor,78.0,-0.370625000000004
5929.0,Christina Fitzgerald,87.34,False,Good,90.0,2.6599999999999966
1555.0,Susan Roberson,67.96,True,Intervention,62.0,-5.959999999999994
5275.0,Jessica Banks,80.28,False,Monitor,,
4010.0,Jodi Rogers,84.97,False,Monitor,85.0,0.030000000000001137
3585.0,Michelle Clay,80.54,False,Monitor,78.0,-2.5400000000000063
5270.0,Jacob Bean,83.615,False,Monitor,62.0,-21.614999999999995
4677.0,Robert Harper,75.67928571428571,False,Monitor,78.0,2.3207142857142884
,Valerie Gibson,84.26,False,Monitor,87.0,2.739999999999995
1231.0,Michelle Graham,88.1,False,Good,92.0,3.9000000000000057
5717.0,Seth Johnson,87.66,False,Good,92.0,4.340000000000003
,John Jones,87.34,False,Good,92.0,4.659999999999997
8506.0,Julia Sanchez,68.62,True,Intervention,62.0,-6.6200000000000045
7935.0,,85.67733333333334,False,Good,90.0,4.322666666666663
1745.0,Justin Sharp,82.06285714285714,False,Monitor,62.0,-20.06285714285714
3938.0,Thomas Yoder,71.2925,False,Monitor,68.0,-3.292500000000004
3323.0,Christine Mullins,83.56,False,Monitor,85.0,1.4399999999999977
5312.0,Timothy Mcbride,77.688,False,Monitor,78.0,0.3119999999999976
1871.0,Deborah Reyes,80.59428571428572,False,Monitor,78.0,-2.594285714285718
8150.0,Chad Downs,73.96188095238095,False,Monitor,72.0,-1.9618809523809517
3425.0,William Hill,70.5,False,Monitor,68.0,-2.5
1067.0,Makayla Rhodes,79.71,False,Monitor,87.0,7.290000000000006
2998.0,Clayton Jones,76.7,False,Monitor,80.0,3.299999999999997
8439.0,Sean Hernandez,83.3175,False,Monitor,88.0,4.6825000000000045
4463.0,Christine Young,85.255,False,Good,88.0,2.7450000000000045
3916.0,Brian Hale,66.362,True,Intervention,62.0,-4.361999999999995
2975.0,Sandra Hart,85.84666666666668,False,Good,90.0,4.153333333333322
9021.0,Christine Curtis,66.96,True,Intervention,62.0,-4.959999999999994
4053.0,Tara Johnson,77.205,False,Monitor,78.0,0.7950000000000017
9115.0,Stephanie Snyder,81.25171428571429,False,Monitor,85.0,3.748285714285714
5073.0,Miguel Leblanc,80.683,False,Monitor,80.0,-0.6830000000000069
7766.0,Christina Mcintyre,77.59055555555555,False,Monitor,88.0,10.409444444444446
2866.0,John Weber,67.75,True,Intervention,62.0,-5.75
8454.0,Timothy Austin,71.555,False,Monitor,68.0,-3.555000000000007
2742.0,Jeffrey Sullivan,86.01,False,Good,80.0,-6.010000000000005
7637.0,Michael Noble,70.215,False,Monitor,62.0,-8.215000000000003
3213.0,Christine Shah,86.21833333333333,False,Good,92.0,5.781666666666666
8139.0,Lisa Maynard,70.03,False,Monitor,62.0,-8.030000000000001
8295.0,Lisa Lynch,78.977,False,Monitor,92.0,13.022999999999996
6469.0,Angela Warren,84.48,False,Monitor,88.0,3.519999999999996
1606.0,Mary Benson,77.53,False,Monitor,,
1994.0,Yvonne Krueger,75.828,False,Monitor,85.0,9.171999999999997
2915.0,Keith Bailey,72.59,False,Monitor,68.0,-4.590000000000003
6633.0,Barbara Case,81.31,False,Monitor,90.0,8.689999999999998
3148.0,Jamie Torres,85.32,False,Good,88.0,2.680000000000007
8911.0,Justin Jacobs,79.90625,False,Monitor,87.0,7.09375
4845.0,Kevin Reynolds,88.12299999999999,False,Good,90.0,1.8770000000000095
2043.0,Michelle Kelly,71.91,False,Monitor,72.0,0.09000000000000341
6820.0,Terry Hernandez,84.506,False,Monitor,87.0,2.4939999999999998
2817.0,Aaron Duarte,76.11270833333334,False,Monitor,72.0,-4.1127083333333445
4365.0,Micheal Perez,84.25580158730158,False,Monitor,87.0,2.744198412698424
3257.0,Troy Bradford,79.02016666666667,False,Monitor,78.0,-1.0201666666666682
2396.0,Bobby Wilkinson,73.56,False,Monitor,72.0,-1.5600000000000023
8025.0,Juan Lopez,77.90216666666667,False,Monitor,78.0,0.09783333333332678
2389.0,Virginia Medina,81.45,False,Monitor,,
1947.0,Leah Holmes,83.43333333333332,False,Monitor,90.0,6.566666666666677
9647.0,Todd Brooks,75.25333333333333,False,Monitor,88.0,12.74666666666667
7627.0,Madeline Rush,69.22449999999999,True,Intervention,62.0,-7.224499999999992
,Ronnie Lee,80.83,False,Monitor,72.0,-8.829999999999998
1383.0,Nicole Frederick,68.62833333333333,True,Intervention,62.0,-6.62833333333333
7110.0,Jason Adams,84.47366666666667,False,Monitor,87.0,2.5263333333333264
8424.0,Mallory Fletcher,88.22,False,Good,92.0,3.780000000000001
7187.0,David Cummings,86.16,False,Good,90.0,3.8400000000000034
7751.0,Kelly Suarez,87.536,False,Good,92.0,4.463999999999999
9502.0,Drew Morse,78.78333333333333,False,Monitor,78.0,-0.7833333333333314
3364.0,Lauren Stephens,80.17666666666666,False,Monitor,87.0,6.823333333333338
1534.0,Penny Miller,83.24,False,Monitor,87.0,3.760000000000005
1659.0,Paula Stewart,84.01,False,Monitor,85.0,0.9899999999999949
3328.0,Jonathan Johnson,77.66952380952381,False,Monitor,78.0,0.33047619047619037
2106.0,Laura Ross,80.36416666666668,False,Monitor,78.0,-2.3641666666666765
8786.0,Brandy Wilson,78.10333333333332,False,Monitor,78.0,-0.10333333333332462
2463.0,Brittany Briggs,77.49,False,Monitor,80.0,2.510000000000005
2450.0,Carl Coleman,81.86471428571429,False,Monitor,87.0,5.135285714285715
9877.0,Crystal Chandler,81.31666666666666,False,Monitor,80.0,-1.3166666666666629
1310.0,Elizabeth Nichols,83.00200000000001,False,Monitor,,
9052.0,Jesse Barber,76.515,False,Monitor,72.0,-4.515000000000001
2878.0,Julie Jackson,84.03428571428573,False,Monitor,85.0,0.9657142857142702
7672.0,Cindy Morales,80.86928571428571,False,Monitor,80.0,-0.8692857142857093
3334.0,,87.94666666666666,False,Good,92.0,4.053333333333342
9076.0,Ashley Franco,81.62,False,Monitor,72.0,-9.620000000000005
7676.0,Kimberly Calderon,85.48057142857144,False,Good,87.0,1.5194285714285627
5990.0,Lisa Brooks,87.83766666666666,False,Good,90.0,2.1623333333333363
9806.0,Destiny Todd,86.26166666666668,False,Good,88.0,1.7383333333333155
1985.0,Dawn Luna,88.62799999999999,False,Good,92.0,3.372000000000014
1745.0,Jacob Yoder,69.66305555555554,True,Intervention,62.0,-7.663055555555545
8077.0,Martha Moody,81.26666666666667,False,Monitor,85.0,3.7333333333333343
5473.0,James Torres,85.65,False,Good,90.0,4.349999999999994
,Joshua Robertson,80.24,False,Monitor,78.0,-2.239999999999995
2270.0,Shelly Stuart,86.4875,False,Good,90.0,3.512500000000003
3044.0,Julie Williams,80.17,False,Monitor,80.0,-0.1700000000000017
4137.0,Tamara Jones,84.44,False,Monitor,90.0,5.560000000000002
1116.0,Todd Orozco,75.32,False,Monitor,78.0,2.680000000000007
2070.0,Jeffrey Torres,72.69,False,Monitor,72.0,-0.6899999999999977
1378.0,Chad Colon,79.48119047619046,False,Monitor,80.0,0.5188095238095372
7666.0,Alan Williams,73.4075,False,Monitor,72.0,-1.4074999999999989
1769.0,Cameron Austin,68.7975,True,Intervention,62.0,-6.797499999999999
4696.0,Dawn Nguyen,84.90361111111112,False,Monitor,85.0,0.09638888888888175
1456.0,Andrea Phillips,89.49,False,Good,92.0,2.510000000000005
1891.0,Robert Bishop,80.468,False,Monitor,78.0,-2.4680000000000035
3045.0,Melanie Mckinney,71.52,False,Monitor,87.0,15.480000000000004
1897.0,Joseph Ellis,79.9825,False,Monitor,80.0,0.017499999999998295
7581.0,Jennifer Smith,85.45,False,Good,88.0,2.549999999999997
8014.0,Vickie Holloway,85.37,False,Good,88.0,2.6299999999999955
2106.0,Nancy Munoz,71.13,False,Monitor,62.0,-9.129999999999995
4046.0,David Taylor,84.38,False,Monitor,88.0,3.6200000000000045
6098.0,Amber Gray,82.29,False,Monitor,85.0,2.7099999999999937
1939.0,Christian Barr,86.82799999999999,False,Good,92.0,5.172000000000011
2120.0,Kimberly Harrison,86.46,False,Good,90.0,3.5400000000000063
5909.0,Mark Fleming,79.54333333333334,False,Monitor,78.0,-1.5433333333333366
4772.0,Felicia Carpenter,86.22166666666666,False,Good,90.0,3.778333333333336
7558.0,Rebecca Kelly,81.12992063492064,False,Monitor,80.0,-1.1299206349206372
8215.0,Aaron Walls,88.21666666666668,False,Good,92.0,3.7833333333333172
3855.0,Mark King,73.105,False,Monitor,68.0,-5.105000000000004
3248.0,James Macdonald,87.26,False,Good,92.0,4.739999999999995
9633.0,Alexander Thompson,82.01333333333332,False,Monitor,92.0,9.986666666666679
6209.0,Kaitlin Walton,75.09,False,Monitor,72.0,-3.0900000000000034
5049.0,Ashley Kaufman,89.20333333333332,False,Good,92.0,2.796666666666681
2062.0,Megan Bernard,73.45599999999999,False,Monitor,72.0,-1.4559999999999889
9609.0,Kelly Harper,85.14964285714285,False,Good,88.0,2.850357142857149
4325.0,Daniel White,70.43,False,Monitor,62.0,-8.430000000000007
2388.0,Justin Castro,87.588,False,Good,92.0,4.412000000000006
7981.0,John Odonnell,78.12,False,Monitor,90.0,11.879999999999995
8236.0,Whitney Tapia,73.605625,False,Monitor,72.0,-1.6056250000000034
5528.0,Jeff Lawrence,74.46066666666667,False,Monitor,72.0,-2.4606666666666683
5096.0,Jeremy Shields,77.29166666666667,False,Monitor,72.0,-5.291666666666671
5617.0,Matthew Davies,75.032,False,Monitor,72.0,-3.0319999999999965
4728.0,Christine Hamilton,73.76,False,Monitor,72.0,-1.7600000000000051
6581.0,Crystal Proctor,79.02833333333334,False,Monitor,78.0,-1.028333333333336
,Tracy Kelley,87.44,False,Good,90.0,2.5600000000000023
7608.0,Victoria Mcbride,71.5525,False,Monitor,68.0,-3.552499999999995
7247.0,Ellen Cross MD,77.30666666666667,False,Monitor,78.0,0.693333333333328
5991.0,David Stevens,86.6875,False,Good,88.0,1.3125
2138.0,Frank Brown DDS,76.79166666666666,False,Monitor,72.0,-4.791666666666657
,Jenna Price,79.58035714285714,False,Monitor,87.0,7.419642857142861
2126.0,Deborah Barajas,77.32,False,Monitor,78.0,0.6800000000000068
4325.0,Richard Howard Jr.,85.08666666666666,False,Good,87.0,1.913333333333341
9615.0,Anita Dougherty,79.04,False,Monitor,80.0,0.9599999999999937
6681.0,Alicia Watson,70.93,False,Monitor,68.0,-2.930000000000007
8501.0,Deborah Hunter,80.71,False,Monitor,80.0,-0.7099999999999937
9810.0,Morgan Gilbert,85.09,False,Good,87.0,1.9099999999999966
9264.0,Taylor Crawford,75.13,False,Monitor,72.0,-3.1299999999999955
8567.0,Danny Sanchez,81.49,False,Monitor,80.0,-1.4899999999999949
6359.0,Cory Rosario DDS,89.11016666666666,False,Good,92.0,2.8898333333333426
8713.0,,76.251,False,Monitor,68.0,-8.251000000000005
3759.0,Kyle Perez,73.98866666666667,False,Monitor,68.0,-5.988666666666674
8242.0,Kelly Gibson MD,80.40775,False,Monitor,80.0,-0.40774999999999295
4305.0,Angela Garcia,66.84,True,Intervention,62.0,-4.840000000000003
4148.0,Dylan Vaughan,68.61,True,Intervention,62.0,-6.609999999999999
4105.0,Kevin Santiago,87.44,False,Good,92.0,4.560000000000002
1245.0,Terry Rodriguez,90.0275,False,Good,92.0,1.9724999999999966
1719.0,Chad Mason,84.11,False,Monitor,87.0,2.8900000000000006
5127.0,Jessica Ferguson,72.86,False,Monitor,68.0,-4.859999999999999
8899.0,Andrew Schroeder,67.14,True,Intervention,62.0,-5.140000000000001
9248.0,Jeffrey Garcia,88.76,False,Good,92.0,3.239999999999995
2300.0,Jason Hood,73.43,False,Monitor,68.0,-5.430000000000007
4900.0,Sandra Leon,84.35666666666668,False,Monitor,80.0,-4.356666666666683
1388.0,Tyler Mccormick,80.3,False,Monitor,80.0,-0.29999999999999716
4644.0,Megan Murphy,79.52166666666666,False,Monitor,80.0,0.47833333333333883
4153.0,Charles Vincent,87.38799999999999,False,Good,88.0,0.612000000000009
4871.0,Mrs. Cindy Sharp DVM,77.29071428571429,False,Monitor,92.0,14.709285714285713
5966.0,,85.585,False,Good,87.0,1.4150000000000063
7188.0,Sarah Dixon,67.75,True,Intervention,62.0,-5.75
1324.0,Teresa Rodriguez,69.89,True,Intervention,68.0,-1.8900000000000006
7233.0,Shannon Spencer,85.99619047619048,False,Good,88.0,2.0038095238095224
8688.0,Darlene Tapia,89.05,False,Good,90.0,0.9500000000000028
7113.0,Ryan Ball,83.04619047619046,False,Monitor,80.0,-3.0461904761904606
3660.0,Anita Berger,77.393,False,Monitor,78.0,0.6069999999999993
7313.0,Tom Bradley,78.65458333333333,False,Monitor,80.0,1.3454166666666652
5281.0,Melinda Cummings,71.036,False,Monitor,68.0,-3.0360000000000014
7297.0,Melissa Donaldson,71.65,False,Monitor,68.0,-3.6500000000000057
9202.0,Charles Pearson,86.83976190476191,False,Good,,
5407.0,Isaiah Moore,79.94,False,Monitor,80.0,0.060000000000002274
9600.0,Jonathan Ramirez,71.624,False,Monitor,68.0,-3.6239999999999952
3981.0,Mrs. Melanie Mueller,81.90615873015874,False,Monitor,80.0,-1.9061587301587366
5249.0,Ms. Heather Dean,80.335,False,Monitor,85.0,4.665000000000006
2052.0,David Malone,85.61777777777777,False,Good,87.0,1.3822222222222251
1685.0,Melissa Brown,80.29,False,Monitor,72.0,-8.290000000000006
8961.0,Jason Woods,87.05,False,Good,90.0,2.950000000000003
7528.0,Rachel Diaz,80.57083333333334,False,Monitor,80.0,-0.57083333333334
3275.0,Michael Jones,74.87375,False,Monitor,92.0,17.12625
9436.0,Taylor Mcgee,84.2575,False,Monitor,90.0,5.742500000000007
8279.0,Christopher Ray,86.65666666666668,False,Good,90.0,3.3433333333333195
7305.0,Alyssa Berg MD,82.66666666666669,False,Monitor,,
,Jordan Thornton,76.44181818181818,False,Monitor,72.0,-4.441818181818178
2465.0,Dr. James Henry DDS,83.31563636363637,False,Monitor,85.0,1.6843636363636278
3016.0,James Stevens,83.25023809523809,False,Monitor,88.0,4.749761904761911
6623.0,Kevin Marquez,84.17,False,Monitor,85.0,0.8299999999999983
2460.0,Colleen Porter,70.42666666666668,False,Monitor,68.0,-2.4266666666666765
6092.0,Christian Odom,86.89,False,Good,90.0,3.1099999999999994
9515.0,Calvin Macias,86.52,False,Good,90.0,3.480000000000004
9189.0,Kim Fischer,80.075,False,Monitor,80.0,-0.07500000000000284
5480.0,Travis Schultz,87.75,False,Good,90.0,2.25
4687.0,Bonnie Morris,72.86,False,Monitor,68.0,-4.859999999999999
6528.0,Tiffany Morris,75.28,False,Monitor,72.0,-3.280000000000001
9978.0,Paul Poole,82.285,False,Monitor,85.0,2.7150000000000034
8239.0,Richard Perez,81.78,False,Monitor,92.0,10.219999999999999
2670.0,Bernard Whitaker,86.97,False,Good,90.0,3.030000000000001
2922.0,Melinda Miller,80.12,False,Monitor,80.0,-0.12000000000000455
5959.0,Christina Gonzales,78.45,False,Monitor,78.0,-0.45000000000000284
2353.0,Maria Gray,85.69,False,Good,88.0,2.3100000000000023
2549.0,Mary Bennett,79.45,False,Monitor,68.0,-11.450000000000003
7640.0,Dr. Erik Pineda,85.88,False,Good,87.0,1.1200000000000045
4399.0,Sandra Burns,77.73100000000001,False,Monitor,78.0,0.26899999999999125
3110.0,Patricia Hunt,83.540873015873,False,Monitor,87.0,3.4591269841269963
6956.0,Erika Kennedy,73.89,False,Monitor,72.0,-1.8900000000000006
3291.0,Timothy Newman,76.2,False,Monitor,72.0,-4.200000000000003
4884.0,Tanya Bowen,83.57666666666665,False,Monitor,88.0,4.423333333333346
5544.0,Rhonda Davenport,84.5552380952381,False,Monitor,85.0,0.44476190476190425
8472.0,Cheryl Brown,84.835,False,Monitor,87.0,2.1650000000000063
7097.0,Angela Bridges,82.87,False,Monitor,80.0,-2.8700000000000045
5425.0,Brandon Rasmussen,86.0025,False,Good,90.0,3.9975000000000023
5476.0,Ryan Beltran,89.03,False,Good,92.0,2.969999999999999
3879.0,Allison Novak,86.5775,False,Good,88.0,1.4224999999999994
,Matthew Winters,74.435,False,Monitor,72.0,-2.4350000000000023
3090.0,Kirsten Davis,67.48333333333333,True,Intervention,62.0,-5.483333333333334
7064.0,Paige Turner,77.044,False,Monitor,,
5519.0,Aimee Christensen,69.07533333333333,True,Intervention,62.0,-7.075333333333333
2256.0,Jessica Howard,83.64785714285713,False,Monitor,85.0,1.3521428571428658
7946.0,Lisa Zhang,82.35066666666665,False,Monitor,87.0,4.649333333333345
1119.0,Jonathan Daniel,86.17,False,Good,88.0,1.8299999999999983
9577.0,Cheyenne Oliver,87.29,False,Good,90.0,2.7099999999999937
7211.0,Brianna Henderson,82.3,False,Monitor,87.0,4.700000000000003
5337.0,Mark Sanchez,74.35075,False,Monitor,72.0,-2.350750000000005
8999.0,Melissa Nguyen,77.57,False,Monitor,85.0,7.430000000000007
4050.0,Jeff Carney,87.58,False,Good,92.0,4.420000000000002
7729.0,Tammy Tanner,83.05363095238096,False,Monitor,78.0,-5.053630952380956
8017.0,Donna Robinson,78.05666666666667,False,Monitor,78.0,-0.05666666666667197
1095.0,Eric Wilson,70.67,False,Monitor,68.0,-2.6700000000000017
1517.0,Linda Armstrong,82.859,False,Monitor,78.0,-4.858999999999995
6322.0,Russell Jones,81.715,False,Monitor,80.0,-1.7150000000000034
4874.0,Darlene Burton,80.15,False,Monitor,78.0,-2.1500000000000057
8027.0,Faith Johnson,80.70166666666667,False,Monitor,85.0,4.298333333333332
8031.0,Nathan Miller,89.91766666666666,False,Good,92.0,2.082333333333338
4758.0,Donna Fowler,73.36281818181818,False,Monitor,68.0,-5.362818181818184
2489.0,Whitney Jefferson,71.3,False,Monitor,92.0,20.700000000000003
2005.0,Shane Sanders,83.50119047619046,False,Monitor,85.0,1.4988095238095411
5046.0,Felicia Cline,87.93333333333332,False,Good,90.0,2.066666666666677
2650.0,Jennifer Clark,85.49819047619047,False,Good,85.0,-0.49819047619047296
3134.0,Miss Carla Coleman MD,87.24,False,Good,90.0,2.760000000000005
7292.0,William Nelson,80.64785714285715,False,Monitor,88.0,7.3521428571428515
4160.0,Crystal Brown,79.158,False,Monitor,85.0,5.841999999999999
9741.0,Erica Miller,81.83,False,Monitor,85.0,3.1700000000000017
6996.0,,77.14,False,Monitor,72.0,-5.140000000000001
3735.0,,77.611,False,Monitor,,
9723.0,Emily Martin,70.28333333333333,False,Monitor,62.0,-8.283333333333331
4015.0,Erica Miller,78.191,False,Monitor,80.0,1.8089999999999975
9254.0,Wesley May,77.28,False,Monitor,87.0,9.719999999999999
5781.0,Christopher Atkinson,89.15442857142858,False,Good,92.0,2.845571428571418
1022.0,Blake Martinez,79.39,False,Monitor,72.0,-7.390000000000001
5831.0,Joy Henderson,83.35619047619048,False,Monitor,85.0,1.643809523809523
7258.0,Mary Ramos,84.84583333333332,False,Monitor,90.0,5.154166666666683
3550.0,Colleen Sanchez,85.75,False,Good,87.0,1.25
3885.0,David Cruz,82.31,False,Monitor,85.0,2.6899999999999977
4077.0,Ralph Becker,67.947,True,Intervention,62.0,-5.947000000000003
1193.0,Denise Coleman,80.47333333333333,False,Monitor,80.0,-0.47333333333332916
5385.0,,85.52,False,Good,90.0,4.480000000000004
3281.0,Samantha Mendoza,82.931,False,Monitor,78.0,-4.930999999999997
9906.0,Sean Lyons,85.89066666666666,False,Good,,
1019.0,Anthony Smith,86.81083333333332,False,Good,90.0,3.1891666666666794
2841.0,Deborah Hernandez,86.05666666666666,False,Good,90.0,3.9433333333333422
6906.0,Kristi Price,74.78866666666667,False,Monitor,72.0,-2.7886666666666713
3461.0,Alex Douglas,81.2425,False,Monitor,78.0,-3.242500000000007
1035.0,Ian Mcdonald,78.2,False,Monitor,78.0,-0.20000000000000284
5562.0,David Bauer,85.59,False,Good,90.0,4.409999999999997
7782.0,Steven Hill,78.255,False,Monitor,78.0,-0.25499999999999545
7301.0,Linda Beasley,87.31,False,Good,92.0,4.689999999999998
1046.0,Maria Edwards,84.08985064935065,False,Monitor,87.0,2.9101493506493483
3283.0,Megan Hutchinson,85.38666666666668,False,Good,92.0,6.6133333333333155
2920.0,Jaime Simon,85.16,False,Good,87.0,1.8400000000000034
3591.0,Thomas Freeman,83.995,False,Monitor,87.0,3.0049999999999955
,Nancy Gibson,88.32,False,Good,90.0,1.6800000000000068
5698.0,Holly Leon,74.68,False,Monitor,72.0,-2.680000000000007
8443.0,Travis Pierce,79.563,False,Monitor,68.0,-11.563000000000002
,Nina Fowler,68.582,True,Intervention,68.0,-0.5819999999999936
8674.0,Kristen Galloway,83.04,False,Monitor,90.0,6.959999999999994
2776.0,Raven Taylor,88.47125,False,Good,92.0,3.5287500000000023
2070.0,Samuel Robinson,86.25,False,Good,92.0,5.75
5410.0,Christina Johnson,79.36875,False,Monitor,80.0,0.6312499999999943
1138.0,Holly Spencer,71.082,False,Monitor,62.0,-9.081999999999994
6428.0,Jessica Davies,83.6825,False,Monitor,88.0,4.3174999999999955
5753.0,Daniel Sullivan,87.33765151515152,False,Good,92.0,4.662348484848479
3638.0,Richard Franklin,86.69,False,Good,88.0,1.3100000000000023
7350.0,Samantha Klein,86.27166666666668,False,Good,88.0,1.7283333333333246
1244.0,Becky Perkins,79.762,False,Monitor,78.0,-1.7620000000000005
2116.0,Kimberly Pena,74.270625,False,Monitor,68.0,-6.2706249999999955
8753.0,Rebecca Burnett,82.08857142857143,False,Monitor,80.0,-2.088571428571427
7701.0,Anna Martinez,86.585,False,Good,90.0,3.4150000000000063
,James Garcia,71.93,False,Monitor,68.0,-3.930000000000007
3592.0,Monica Johnson,84.98,False,Monitor,87.0,2.019999999999996
2787.0,Shannon Porter,80.53285714285714,False,Monitor,62.0,-18.53285714285714
,Kenneth Murray,75.45700000000001,False,Monitor,72.0,-3.457000000000008
4497.0,Amy Stout,86.85,False,Good,90.0,3.1500000000000057
1886.0,,79.60678571428572,False,Monitor,68.0,-11.60678571428572
7636.0,Joseph Sherman,83.94,False,Monitor,85.0,1.0600000000000023
8021.0,Maria Walls,83.11,False,Monitor,,
